transaction_id,customer_id,amount,transaction_type,location_country,channel,time_of_day,txn_frequency_30d,account_age_days,customer_risk_band
TXN00000,CUST007,4692.68,Crypto,Germany,ATM,Morning,16,496,Low
TXN00001,CUST005,1053.33,NEFT,Germany,POS,Night,14,901,Low
TXN00002,CUST017,12312.5,IMPS,USA,Web,Morning,19,1245,Medium
TXN00003,CUST014,48551.15,SWIFT,India,Mobile,Morning,16,282,Medium
TXN00004,CUST003,5655.37,IMPS,India,ATM,Afternoon,12,1735,Low
TXN00005,CUST004,477.9,Crypto,Germany,Web,Morning,9,1929,Low
TXN00006,CUST005,7220.29,SWIFT,Germany,Mobile,Night,16,1872,Low
TXN00007,CUST008,11403.96,NEFT,Germany,ATM,Night,14,630,Low
TXN00008,CUST007,33706.3,IMPS,USA,Web,Morning,19,594,Low
TXN00009,CUST019,2625.26,Crypto,Nigeria,Mobile,Night,12,1481,Low
TXN00010,CUST015,6835.47,IMPS,Singapore,POS,Morning,12,1055,Low
TXN00011,CUST002,5536.56,RTGS,Singapore,POS,Morning,11,1530,Medium
TXN00012,CUST005,34928.07,RTGS,UAE,ATM,Morning,21,845,Low
TXN00013,CUST007,3953.28,IMPS,USA,Mobile,Afternoon,16,1755,Low
TXN00014,CUST012,3935.32,SWIFT,India,Mobile,Night,14,1106,Low
TXN00015,CUST011,8837.05,Crypto,India,Web,Afternoon,25,522,Low
TXN00016,CUST018,1518.98,NEFT,UAE,POS,Morning,19,1892,Low
TXN00017,CUST003,5506.09,RTGS,India,ATM,Night,14,1116,Medium
TXN00018,CUST014,16898.97,NEFT,Germany,Mobile,Night,17,318,Low
TXN00019,CUST016,9313.03,RTGS,Nigeria,Web,Night,22,1081,Low
TXN00020,CUST020,19885.3,NEFT,UAE,POS,Afternoon,16,1101,Low
TXN00021,CUST016,4633.35,Crypto,USA,ATM,Morning,17,713,Low
TXN00022,CUST019,10148.89,SWIFT,UAE,POS,Night,21,642,Low
TXN00023,CUST019,35653.21,RTGS,India,Mobile,Morning,12,824,High
TXN00024,CUST019,7396.79,SWIFT,Germany,ATM,Morning,14,1514,Low
TXN00025,CUST015,2252.95,Crypto,UAE,Mobile,Morning,21,1050,Medium
TXN00026,CUST003,7104.37,NEFT,UAE,Web,Night,21,778,High
TXN00027,CUST016,7761.83,RTGS,Nigeria,POS,Night,16,1849,Low
TXN00028,CUST009,26549.5,IMPS,UAE,ATM,Night,19,675,Medium
TXN00029,CUST003,6097.89,SWIFT,Germany,Web,Night,11,1384,Medium
TXN00030,CUST016,3920.73,RTGS,UAE,Web,Night,10,219,Medium
TXN00031,CUST019,1165.92,NEFT,USA,POS,Afternoon,12,657,High
TXN00032,CUST001,4347.43,RTGS,India,POS,Night,13,1464,Low
TXN00033,CUST003,5402.73,SWIFT,UAE,Mobile,Night,11,713,Low
TXN00034,CUST019,2798.8,NEFT,India,Web,Afternoon,11,1525,Low
TXN00035,CUST014,12140.87,NEFT,Singapore,Web,Night,25,1439,Low
TXN00036,CUST006,12457.35,NEFT,Nigeria,Mobile,Afternoon,14,1789,Medium
TXN00037,CUST014,23888.61,RTGS,India,Mobile,Morning,12,1737,Medium
TXN00038,CUST014,5938.14,Crypto,UAE,Mobile,Night,16,1492,Low
TXN00039,CUST002,14338.88,IMPS,Singapore,ATM,Morning,12,309,Medium
TXN00040,CUST014,6354.46,IMPS,India,ATM,Night,10,493,Low
TXN00041,CUST019,416.3,Crypto,India,ATM,Morning,16,432,Low
TXN00042,CUST004,12418.46,IMPS,Singapore,POS,Morning,19,1764,Low
TXN00043,CUST015,1916.04,Crypto,Nigeria,POS,Afternoon,17,367,High
TXN00044,CUST009,18183.71,RTGS,Germany,ATM,Morning,17,1999,Medium
TXN00045,CUST012,25861.9,RTGS,Germany,Web,Night,20,1817,Low
TXN00046,CUST019,1923.17,IMPS,India,Web,Afternoon,20,1286,High
TXN00047,CUST011,4295.68,RTGS,Germany,Web,Afternoon,17,1473,Medium
TXN00048,CUST006,22882.31,SWIFT,Germany,ATM,Afternoon,16,539,Low
TXN00049,CUST001,28156.37,SWIFT,UAE,Mobile,Afternoon,27,907,Medium
TXN00050,CUST014,7956.98,RTGS,India,Web,Night,17,1734,Low
TXN00051,CUST016,1934.94,SWIFT,UAE,ATM,Night,11,1445,Medium
TXN00052,CUST010,18919.56,Crypto,Nigeria,Web,Morning,17,489,Low
TXN00053,CUST008,7109.33,IMPS,India,Web,Night,17,1723,Low
TXN00054,CUST018,36123.09,NEFT,Singapore,Web,Morning,14,1336,Low
TXN00055,CUST003,5698.58,IMPS,UAE,Mobile,Afternoon,13,908,Low
TXN00056,CUST005,6782.93,Crypto,UAE,Web,Morning,11,688,Low
TXN00057,CUST018,8486.42,IMPS,Germany,Mobile,Morning,18,1225,Medium
TXN00058,CUST008,28210.83,NEFT,Nigeria,ATM,Afternoon,13,309,Low
TXN00059,CUST015,4015.98,Crypto,Singapore,ATM,Night,16,729,High
TXN00060,CUST020,19173.87,NEFT,India,Web,Morning,12,1214,Low
TXN00061,CUST006,3811.46,SWIFT,Nigeria,Web,Afternoon,11,1788,Low
TXN00062,CUST001,18592.66,Crypto,USA,POS,Morning,22,655,Low
TXN00063,CUST006,9545.31,RTGS,USA,Mobile,Morning,15,814,Medium
TXN00064,CUST012,18882.91,Crypto,Singapore,Web,Afternoon,10,1092,Low
TXN00065,CUST005,3475.62,IMPS,India,POS,Night,15,714,Medium
TXN00066,CUST006,2160.11,NEFT,Nigeria,Mobile,Night,8,683,Low
TXN00067,CUST019,22073.23,NEFT,Germany,POS,Night,13,863,High
TXN00068,CUST011,5770.97,Crypto,India,POS,Morning,17,1751,Low
TXN00069,CUST013,7822.95,RTGS,UAE,Mobile,Morning,12,1395,High
TXN00070,CUST007,2880.17,SWIFT,India,Mobile,Night,15,293,Low
TXN00071,CUST016,14696.48,IMPS,USA,Web,Afternoon,11,1249,High
TXN00072,CUST002,18453.06,IMPS,Germany,Web,Morning,11,896,Low
TXN00073,CUST011,10145.37,SWIFT,Singapore,Mobile,Night,15,686,Low
TXN00074,CUST015,5088.62,SWIFT,Germany,POS,Morning,14,1399,Low
TXN00075,CUST019,256.78,SWIFT,USA,Web,Afternoon,17,1111,Low
TXN00076,CUST012,24676.22,IMPS,Singapore,Mobile,Morning,14,1171,Low
TXN00077,CUST017,12538.49,SWIFT,Nigeria,Mobile,Night,17,1325,Low
TXN00078,CUST012,7271.1,SWIFT,USA,Web,Night,17,890,Medium
TXN00079,CUST001,5440.38,IMPS,UAE,ATM,Afternoon,12,1026,Medium
TXN00080,CUST013,1280.2,RTGS,Nigeria,ATM,Afternoon,13,1100,Medium
TXN00081,CUST014,415.81,IMPS,Germany,POS,Morning,15,461,Medium
TXN00082,CUST009,16446.14,SWIFT,Singapore,POS,Afternoon,13,386,Low
TXN00083,CUST004,5083.37,RTGS,Nigeria,POS,Morning,16,831,Low
TXN00084,CUST012,3023.13,SWIFT,USA,ATM,Afternoon,15,545,Low
TXN00085,CUST011,9567.25,IMPS,India,ATM,Afternoon,20,881,Medium
TXN00086,CUST002,8567.82,NEFT,Nigeria,Web,Night,14,1982,Low
TXN00087,CUST013,16670.89,SWIFT,Nigeria,ATM,Afternoon,19,1630,Low
TXN00088,CUST015,32490.92,IMPS,Nigeria,POS,Morning,21,426,Medium
TXN00089,CUST020,2415.48,NEFT,UAE,Mobile,Night,13,783,Medium
TXN00090,CUST011,11488.75,IMPS,Nigeria,POS,Morning,8,1975,Low
TXN00091,CUST014,11444.9,SWIFT,UAE,ATM,Night,13,1956,Medium
TXN00092,CUST019,1257.5,RTGS,India,POS,Afternoon,17,442,Low
TXN00093,CUST015,399.75,RTGS,Germany,ATM,Night,15,949,Low
TXN00094,CUST015,16442.09,Crypto,India,POS,Afternoon,13,1717,Low
TXN00095,CUST010,20182.83,IMPS,India,Mobile,Night,16,1748,Low
TXN00096,CUST020,13897.85,IMPS,Germany,Web,Night,18,1326,Medium
TXN00097,CUST011,7642.73,IMPS,India,Web,Afternoon,15,426,Medium
TXN00098,CUST003,22587.91,NEFT,Singapore,Mobile,Morning,14,1286,Medium
TXN00099,CUST018,18782.53,RTGS,USA,POS,Afternoon,17,1559,Low
TXN00100,CUST006,9992.3,IMPS,Nigeria,ATM,Night,14,1078,Low
TXN00101,CUST020,8067.71,SWIFT,Singapore,ATM,Night,18,1746,Low
TXN00102,CUST006,6820.5,SWIFT,USA,Mobile,Night,7,1186,Medium
TXN00103,CUST018,13357.36,NEFT,Nigeria,ATM,Night,15,780,Medium
TXN00104,CUST016,1543.08,RTGS,Nigeria,Web,Morning,18,1306,Medium
TXN00105,CUST017,18231.31,SWIFT,Nigeria,Mobile,Afternoon,14,1446,Low
TXN00106,CUST010,17251.86,SWIFT,UAE,Web,Night,17,1218,High
TXN00107,CUST006,2655.66,NEFT,USA,POS,Morning,16,1395,Medium
TXN00108,CUST009,16755.75,NEFT,USA,ATM,Morning,18,1468,Low
TXN00109,CUST009,6571.37,SWIFT,Nigeria,Mobile,Night,13,743,Medium
TXN00110,CUST003,23682.38,Crypto,UAE,Web,Night,9,682,Low
TXN00111,CUST016,5195.34,IMPS,UAE,ATM,Morning,16,485,Low
TXN00112,CUST005,1250.26,NEFT,USA,ATM,Morning,17,377,Medium
TXN00113,CUST003,32747.2,NEFT,UAE,Mobile,Morning,13,853,Medium
TXN00114,CUST015,7515.61,Crypto,USA,Web,Morning,14,714,Low
TXN00115,CUST006,35025.27,RTGS,Nigeria,POS,Morning,8,1585,High
TXN00116,CUST014,784.31,IMPS,India,Mobile,Afternoon,11,1196,Low
TXN00117,CUST001,6061.28,SWIFT,USA,Mobile,Afternoon,16,685,Medium
TXN00118,CUST011,13359.84,SWIFT,Singapore,POS,Afternoon,7,1461,Low
TXN00119,CUST018,9679.33,Crypto,USA,Mobile,Afternoon,12,119,Low
TXN00120,CUST016,4914.62,SWIFT,Singapore,ATM,Afternoon,12,898,Low
TXN00121,CUST017,36649.6,IMPS,Germany,Mobile,Night,15,1777,Low
TXN00122,CUST019,9232.7,SWIFT,UAE,Mobile,Morning,12,1600,Low
TXN00123,CUST010,17289.95,NEFT,USA,Web,Morning,23,1868,Low
TXN00124,CUST013,25154.88,RTGS,Germany,ATM,Morning,16,1045,Low
TXN00125,CUST008,4723.48,RTGS,USA,POS,Morning,10,92,Medium
TXN00126,CUST013,4992.09,Crypto,India,POS,Afternoon,19,1982,High
TXN00127,CUST002,6324.16,SWIFT,USA,POS,Afternoon,14,852,Low
TXN00128,CUST009,20004.26,IMPS,Germany,Mobile,Morning,20,1131,Low
TXN00129,CUST011,2294.7,SWIFT,Germany,Mobile,Afternoon,12,1825,Medium
TXN00130,CUST009,2596.04,IMPS,Germany,POS,Afternoon,17,1401,Low
TXN00131,CUST010,3128.94,Crypto,India,ATM,Night,15,1359,Low
TXN00132,CUST018,19117.7,NEFT,Nigeria,Web,Morning,16,1787,Low
TXN00133,CUST011,15693.42,RTGS,UAE,Mobile,Morning,16,948,Medium
TXN00134,CUST001,14070.57,IMPS,Nigeria,POS,Night,16,464,Low
TXN00135,CUST002,23346.03,IMPS,USA,Web,Morning,16,1388,Low
TXN00136,CUST017,5753.2,Crypto,Singapore,Mobile,Afternoon,21,195,Low
TXN00137,CUST002,5994.94,IMPS,Singapore,Mobile,Morning,21,1159,Medium
TXN00138,CUST010,19831.41,Crypto,Germany,Mobile,Afternoon,23,213,Low
TXN00139,CUST013,18457.39,Crypto,UAE,ATM,Morning,18,98,Medium
TXN00140,CUST012,39136.53,RTGS,UAE,POS,Morning,15,1800,Low
TXN00141,CUST019,8666.67,SWIFT,Singapore,Mobile,Afternoon,13,1716,Low
TXN00142,CUST007,1370.18,IMPS,Nigeria,Mobile,Night,10,1573,Medium
TXN00143,CUST002,1985.33,SWIFT,Nigeria,Mobile,Morning,17,1917,High
TXN00144,CUST015,6423.81,SWIFT,USA,POS,Afternoon,17,663,Low
TXN00145,CUST001,2534.08,NEFT,Singapore,ATM,Morning,19,711,Medium
TXN00146,CUST020,1948.12,NEFT,UAE,Web,Afternoon,9,262,Low
TXN00147,CUST002,4400.43,RTGS,India,Mobile,Morning,21,1783,Medium
TXN00148,CUST006,11724.57,NEFT,Nigeria,ATM,Morning,16,379,Medium
TXN00149,CUST008,1707.62,SWIFT,Singapore,Mobile,Afternoon,13,833,Low
TXN00150,CUST009,16409.35,NEFT,Singapore,POS,Night,18,748,Medium
TXN00151,CUST003,7691.44,IMPS,Singapore,POS,Night,22,57,Low
TXN00152,CUST005,4603.13,IMPS,Singapore,Web,Afternoon,14,555,Medium
TXN00153,CUST009,1598.63,RTGS,USA,ATM,Morning,10,948,Low
TXN00154,CUST016,7167.79,SWIFT,UAE,ATM,Morning,15,1559,Low
TXN00155,CUST017,4371.83,IMPS,Germany,Web,Night,14,1684,Low
TXN00156,CUST013,4736.65,NEFT,USA,Web,Afternoon,11,841,Low
TXN00157,CUST007,2655.51,IMPS,Germany,Web,Afternoon,13,1447,Medium
TXN00158,CUST019,15567.09,IMPS,Singapore,ATM,Morning,15,140,Medium
TXN00159,CUST014,13349.26,Crypto,UAE,Mobile,Afternoon,16,777,Medium
TXN00160,CUST015,1364.85,Crypto,USA,ATM,Night,12,1335,Medium
TXN00161,CUST006,9353.59,IMPS,USA,Web,Morning,12,1794,High
TXN00162,CUST014,27134.42,SWIFT,USA,Web,Morning,13,1403,Low
TXN00163,CUST002,2064.92,IMPS,UAE,Mobile,Afternoon,12,852,Low
TXN00164,CUST010,18471.5,NEFT,USA,Web,Afternoon,7,258,High
TXN00165,CUST005,40386.42,SWIFT,USA,ATM,Morning,9,1785,Low
TXN00166,CUST010,24936.92,RTGS,Germany,POS,Afternoon,15,603,Low
TXN00167,CUST014,26503.85,IMPS,India,POS,Morning,16,1488,Medium
TXN00168,CUST016,18237.61,IMPS,Germany,Mobile,Morning,17,561,High
TXN00169,CUST007,2776.13,NEFT,Germany,POS,Afternoon,9,349,Medium
TXN00170,CUST007,913.37,SWIFT,Singapore,Web,Morning,13,931,Medium
TXN00171,CUST020,4103.84,Crypto,UAE,ATM,Night,10,201,Medium
TXN00172,CUST018,2253.09,NEFT,Singapore,ATM,Night,17,1372,Medium
TXN00173,CUST008,11441.41,IMPS,USA,Mobile,Night,18,1973,Low
TXN00174,CUST007,9316.63,Crypto,UAE,POS,Afternoon,19,1634,High
TXN00175,CUST006,17756.07,IMPS,UAE,Mobile,Afternoon,25,405,Low
TXN00176,CUST003,47027.25,Crypto,USA,POS,Morning,11,542,Low
TXN00177,CUST017,13513.93,IMPS,USA,Web,Night,16,1893,Medium
TXN00178,CUST015,17599.17,NEFT,India,POS,Morning,19,880,Low
TXN00179,CUST001,10942.14,RTGS,Germany,Mobile,Morning,15,1802,Low
TXN00180,CUST010,8874.77,Crypto,India,ATM,Night,17,645,Low
TXN00181,CUST020,4731.2,Crypto,Germany,ATM,Afternoon,14,1076,Low
TXN00182,CUST012,5775.79,SWIFT,Singapore,ATM,Afternoon,16,1036,Low
TXN00183,CUST015,4843.32,Crypto,India,Web,Morning,15,1092,Medium
TXN00184,CUST013,1243.15,SWIFT,Nigeria,Mobile,Afternoon,23,583,Medium
TXN00185,CUST006,1499.77,NEFT,Germany,Web,Afternoon,19,507,Medium
TXN00186,CUST011,22433.03,Crypto,India,ATM,Morning,19,1150,Low
TXN00187,CUST010,12275.16,NEFT,Singapore,POS,Morning,18,225,Low
TXN00188,CUST007,8437.14,NEFT,India,POS,Afternoon,13,1212,Low
TXN00189,CUST008,4761.37,NEFT,UAE,ATM,Night,14,44,Low
TXN00190,CUST006,15960.05,NEFT,India,Mobile,Morning,10,873,Medium
TXN00191,CUST020,14778.92,NEFT,USA,Web,Afternoon,16,1336,Low
TXN00192,CUST008,4241.83,SWIFT,Germany,POS,Night,16,844,Low
TXN00193,CUST013,3395.79,IMPS,Germany,POS,Afternoon,10,1022,Low
TXN00194,CUST011,182.76,NEFT,USA,ATM,Morning,16,917,Medium
TXN00195,CUST008,232.92,NEFT,Singapore,Mobile,Morning,17,1852,Medium
TXN00196,CUST006,9332.21,Crypto,UAE,POS,Afternoon,14,1349,Low
TXN00197,CUST011,18353.33,Crypto,India,ATM,Morning,21,1666,Low
TXN00198,CUST004,41891.74,Crypto,UAE,Mobile,Night,19,854,High
TXN00199,CUST019,4036.86,IMPS,Singapore,POS,Afternoon,13,1964,Low
TXN00200,CUST018,5091.65,SWIFT,Singapore,Web,Night,7,1489,High
TXN00201,CUST007,15501.78,SWIFT,India,Mobile,Afternoon,16,273,Low
TXN00202,CUST012,7708.83,RTGS,India,Mobile,Morning,22,1263,Low
TXN00203,CUST010,6555.37,SWIFT,India,Web,Night,22,984,High
TXN00204,CUST017,6022.82,IMPS,Singapore,POS,Afternoon,10,1233,Low
TXN00205,CUST001,5428.76,NEFT,India,Mobile,Night,21,92,Low
TXN00206,CUST014,3251.59,Crypto,Nigeria,POS,Afternoon,11,1102,Low
TXN00207,CUST001,1960.59,IMPS,USA,ATM,Afternoon,25,1683,Medium
TXN00208,CUST012,19706.37,NEFT,Germany,Web,Afternoon,15,356,Low
TXN00209,CUST012,9048.19,SWIFT,UAE,Mobile,Morning,8,1944,Low
TXN00210,CUST010,16083.49,NEFT,India,ATM,Morning,13,1358,High
TXN00211,CUST018,372.34,Crypto,UAE,Mobile,Night,15,47,Low
TXN00212,CUST012,3482.03,NEFT,USA,POS,Morning,18,531,Medium
TXN00213,CUST001,5811.81,IMPS,India,POS,Morning,14,860,Low
TXN00214,CUST001,1086.79,Crypto,Germany,Mobile,Morning,13,1696,Low
TXN00215,CUST011,4673.02,Crypto,India,ATM,Night,12,1433,Medium
TXN00216,CUST003,16131.94,NEFT,Germany,Web,Morning,20,342,Low
TXN00217,CUST008,2509.93,RTGS,USA,ATM,Afternoon,12,357,Medium
TXN00218,CUST018,1099.36,IMPS,India,ATM,Afternoon,19,1662,Low
TXN00219,CUST002,8135.57,IMPS,India,Mobile,Morning,23,939,Low
TXN00220,CUST018,3469.34,SWIFT,USA,Mobile,Night,21,804,Medium
TXN00221,CUST007,13314.45,SWIFT,India,Web,Morning,20,944,Low
TXN00222,CUST009,8747.69,Crypto,Nigeria,Web,Morning,14,844,Low
TXN00223,CUST004,9801.93,SWIFT,Singapore,ATM,Afternoon,13,736,Low
TXN00224,CUST003,8923.18,Crypto,Singapore,Mobile,Morning,12,963,High
TXN00225,CUST020,14864.88,Crypto,Nigeria,Mobile,Night,13,1920,Low
TXN00226,CUST016,29652.67,Crypto,Germany,Web,Morning,18,743,Medium
TXN00227,CUST006,8341.96,Crypto,Singapore,POS,Afternoon,11,1262,Low
TXN00228,CUST011,3129.01,RTGS,Nigeria,POS,Night,15,1412,Low
TXN00229,CUST008,2459.3,IMPS,Singapore,ATM,Afternoon,17,695,Low
TXN00230,CUST007,7458.95,RTGS,USA,ATM,Night,11,104,Low
TXN00231,CUST016,17292.57,IMPS,Nigeria,ATM,Morning,15,70,Medium
TXN00232,CUST014,3202.81,RTGS,Germany,Web,Afternoon,16,1431,Medium
TXN00233,CUST006,12736.89,RTGS,UAE,Web,Morning,9,56,Low
TXN00234,CUST018,23027.72,IMPS,UAE,POS,Night,20,297,High
TXN00235,CUST018,10026.61,SWIFT,Germany,ATM,Morning,15,1454,Medium
TXN00236,CUST007,5426.1,NEFT,India,POS,Night,14,1629,High
TXN00237,CUST020,4367.57,Crypto,USA,Web,Night,24,722,Low
TXN00238,CUST013,9242.02,RTGS,Nigeria,ATM,Night,12,1349,Low
TXN00239,CUST017,5748.19,SWIFT,India,POS,Morning,21,773,Medium
TXN00240,CUST001,8356.44,Crypto,Germany,Web,Morning,15,787,Low
TXN00241,CUST016,1450.27,NEFT,UAE,Mobile,Afternoon,15,780,Low
TXN00242,CUST012,3041.69,RTGS,Germany,Mobile,Morning,16,987,Low
TXN00243,CUST006,31063.58,IMPS,USA,POS,Night,10,1503,Medium
TXN00244,CUST017,1127.19,NEFT,Singapore,ATM,Night,15,71,Low
TXN00245,CUST006,6155.97,SWIFT,UAE,POS,Night,8,137,Low
TXN00246,CUST016,11864.49,Crypto,Singapore,Web,Night,12,304,Low
TXN00247,CUST015,3777.48,SWIFT,Nigeria,ATM,Afternoon,15,1645,Medium
TXN00248,CUST016,20631.42,Crypto,USA,POS,Morning,17,739,Low
TXN00249,CUST009,39412.87,SWIFT,USA,Web,Morning,21,1624,High
TXN00250,CUST017,43955.58,IMPS,UAE,Mobile,Afternoon,23,807,Low
TXN00251,CUST007,8873.72,Crypto,Singapore,Mobile,Night,15,364,Low
TXN00252,CUST013,11954.1,IMPS,Nigeria,Web,Morning,15,964,High
TXN00253,CUST013,6072.33,RTGS,India,Mobile,Morning,15,1579,Medium
TXN00254,CUST006,9070.09,RTGS,UAE,Mobile,Night,12,1151,High
TXN00255,CUST013,21628.09,RTGS,India,Mobile,Night,15,1012,Low
TXN00256,CUST002,675.9,Crypto,UAE,Mobile,Night,13,1402,Medium
TXN00257,CUST011,10836.9,NEFT,Singapore,Web,Morning,18,522,Low
TXN00258,CUST017,9567.57,IMPS,USA,Mobile,Morning,12,1223,Low
TXN00259,CUST017,46398.98,SWIFT,Singapore,Mobile,Morning,14,1944,Medium
TXN00260,CUST004,61821.94,SWIFT,India,Web,Night,13,506,Low
TXN00261,CUST012,383.22,Crypto,Nigeria,Mobile,Morning,15,1801,Low
TXN00262,CUST019,41403.97,NEFT,Singapore,ATM,Afternoon,18,1412,Low
TXN00263,CUST020,7392.31,IMPS,Nigeria,ATM,Morning,18,1482,Low
TXN00264,CUST006,4379.19,IMPS,Nigeria,ATM,Night,12,322,Low
TXN00265,CUST016,430.05,RTGS,India,Web,Afternoon,14,1397,Low
TXN00266,CUST011,1328.89,RTGS,USA,Mobile,Night,12,836,High
TXN00267,CUST011,21129.43,NEFT,Germany,POS,Morning,23,1898,Low
TXN00268,CUST019,45268.13,NEFT,Germany,Web,Night,18,1637,Medium
TXN00269,CUST002,28600.09,SWIFT,UAE,ATM,Morning,17,1546,Medium
TXN00270,CUST019,1282.18,NEFT,Nigeria,ATM,Night,6,966,Medium
TXN00271,CUST002,2063.33,Crypto,India,Mobile,Morning,18,1826,Low
TXN00272,CUST008,9936.52,Crypto,Singapore,Web,Night,11,1073,Low
TXN00273,CUST011,52800.5,RTGS,UAE,Web,Night,11,719,Low
TXN00274,CUST005,6756.73,RTGS,Nigeria,ATM,Night,15,922,Medium
TXN00275,CUST001,7699.73,SWIFT,UAE,Web,Night,16,1663,High
TXN00276,CUST002,6114.42,SWIFT,Germany,ATM,Night,14,1594,Low
TXN00277,CUST006,21959.58,NEFT,USA,ATM,Morning,19,1314,Low
TXN00278,CUST017,13288.28,RTGS,Germany,Web,Afternoon,12,67,Medium
TXN00279,CUST019,3007.72,IMPS,India,ATM,Night,18,483,Low
TXN00280,CUST012,32733.84,RTGS,UAE,Web,Morning,20,144,Low
TXN00281,CUST020,17411.48,SWIFT,Singapore,Web,Afternoon,13,1912,Low
TXN00282,CUST012,19987.31,Crypto,UAE,ATM,Night,18,365,Medium
TXN00283,CUST017,10742.67,NEFT,Germany,POS,Afternoon,17,1398,Low
TXN00284,CUST004,26605.52,SWIFT,Singapore,Web,Morning,9,729,Medium
TXN00285,CUST012,1726.94,Crypto,Singapore,Mobile,Night,10,1723,Low
TXN00286,CUST005,23936.19,NEFT,Germany,Mobile,Night,18,1277,Low
TXN00287,CUST002,878.46,RTGS,India,ATM,Morning,13,389,Medium
TXN00288,CUST018,3008.4,NEFT,Nigeria,ATM,Night,17,704,High
TXN00289,CUST019,1374.81,Crypto,India,Web,Night,12,1286,Low
TXN00290,CUST006,32966.21,IMPS,Nigeria,ATM,Morning,13,1275,Low
TXN00291,CUST018,14012.0,NEFT,USA,Web,Night,19,513,Medium
TXN00292,CUST016,702.48,SWIFT,Germany,Mobile,Night,13,947,Medium
TXN00293,CUST013,12329.62,RTGS,Germany,ATM,Night,15,1173,Medium
TXN00294,CUST009,468.21,Crypto,India,Mobile,Morning,10,1060,Low
TXN00295,CUST010,678.79,SWIFT,UAE,POS,Night,19,1981,Low
TXN00296,CUST009,14714.49,IMPS,UAE,Mobile,Night,17,1483,Medium
TXN00297,CUST003,6321.26,NEFT,India,POS,Afternoon,23,1542,Low
TXN00298,CUST017,1786.77,SWIFT,USA,Mobile,Morning,11,1003,Low
TXN00299,CUST004,2614.34,NEFT,Germany,Mobile,Afternoon,25,1018,Medium
TXN00300,CUST004,28755.68,Crypto,USA,Web,Afternoon,14,1827,Medium
TXN00301,CUST013,14275.08,NEFT,Singapore,POS,Afternoon,14,599,Low
TXN00302,CUST001,22452.53,Crypto,Nigeria,Web,Afternoon,12,1885,Low
TXN00303,CUST011,20258.84,RTGS,India,ATM,Night,18,521,Low
TXN00304,CUST018,6409.53,IMPS,India,POS,Night,26,1710,Medium
TXN00305,CUST014,955.91,IMPS,India,ATM,Afternoon,10,1615,Medium
TXN00306,CUST014,14313.92,IMPS,India,Web,Night,16,722,High
TXN00307,CUST009,24285.57,RTGS,USA,Web,Night,26,556,Low
TXN00308,CUST018,6568.58,RTGS,USA,Web,Afternoon,9,1289,Medium
TXN00309,CUST009,2844.07,SWIFT,Germany,Mobile,Afternoon,16,985,Medium
TXN00310,CUST012,663.63,NEFT,UAE,Mobile,Morning,16,1397,Medium
TXN00311,CUST005,5678.31,IMPS,Germany,Mobile,Afternoon,15,367,Low
TXN00312,CUST006,6538.09,NEFT,India,ATM,Afternoon,16,1354,Medium
TXN00313,CUST001,14149.38,IMPS,UAE,POS,Morning,10,1099,Medium
TXN00314,CUST010,1537.29,Crypto,Nigeria,POS,Afternoon,15,1713,Low
TXN00315,CUST002,4246.73,RTGS,UAE,POS,Afternoon,8,1798,Low
TXN00316,CUST014,4317.48,SWIFT,UAE,Web,Afternoon,4,947,High
TXN00317,CUST018,3887.48,SWIFT,Nigeria,ATM,Afternoon,17,135,Low
TXN00318,CUST011,1833.01,IMPS,Nigeria,POS,Morning,9,664,Low
TXN00319,CUST012,320.96,NEFT,UAE,ATM,Afternoon,22,1469,Low
TXN00320,CUST012,3550.13,IMPS,USA,Web,Night,22,1913,Low
TXN00321,CUST009,16181.16,IMPS,Singapore,Web,Morning,13,36,Medium
TXN00322,CUST004,10812.25,IMPS,Germany,ATM,Night,16,51,Low
TXN00323,CUST002,6020.61,RTGS,Germany,POS,Night,17,903,Low
TXN00324,CUST014,5773.34,SWIFT,Singapore,Web,Morning,18,1577,Low
TXN00325,CUST020,1738.11,NEFT,Germany,ATM,Night,20,1620,Medium
TXN00326,CUST008,6352.23,Crypto,USA,POS,Afternoon,14,1865,Low
TXN00327,CUST006,8104.98,SWIFT,Germany,Web,Afternoon,18,1405,High
TXN00328,CUST020,7819.32,RTGS,Nigeria,Web,Morning,15,784,High
TXN00329,CUST016,11401.48,NEFT,Germany,POS,Morning,8,382,Medium
TXN00330,CUST009,18354.13,NEFT,Singapore,Web,Morning,14,834,Medium
TXN00331,CUST012,4245.49,NEFT,Germany,Mobile,Afternoon,16,1170,Low
TXN00332,CUST006,5033.79,IMPS,USA,POS,Night,16,961,Low
TXN00333,CUST019,5476.99,SWIFT,UAE,Web,Afternoon,12,1299,High
TXN00334,CUST014,4449.61,NEFT,UAE,ATM,Afternoon,14,50,Low
TXN00335,CUST006,13209.3,RTGS,Singapore,ATM,Afternoon,10,781,Medium
TXN00336,CUST009,9209.4,IMPS,India,Mobile,Afternoon,17,31,Low
TXN00337,CUST002,1996.43,NEFT,Germany,Mobile,Night,20,347,Low
TXN00338,CUST008,1024.68,RTGS,Nigeria,ATM,Morning,14,260,Low
TXN00339,CUST011,4450.9,SWIFT,USA,POS,Night,16,920,Low
TXN00340,CUST011,3741.82,SWIFT,Singapore,ATM,Morning,14,290,Low
TXN00341,CUST001,3933.24,NEFT,Germany,ATM,Night,18,330,Medium
TXN00342,CUST011,2705.34,RTGS,India,Web,Night,12,659,Low
TXN00343,CUST018,1860.38,SWIFT,UAE,Web,Morning,15,891,Low
TXN00344,CUST003,1575.39,SWIFT,UAE,Web,Afternoon,14,1001,Low
TXN00345,CUST015,12268.23,RTGS,India,ATM,Morning,11,1174,Low
TXN00346,CUST007,9302.33,Crypto,Singapore,ATM,Night,13,334,Low
TXN00347,CUST006,18589.92,NEFT,UAE,Web,Afternoon,19,1772,Medium
TXN00348,CUST005,8167.63,IMPS,Germany,POS,Morning,15,363,Medium
TXN00349,CUST020,587.81,SWIFT,Singapore,Web,Night,5,227,High
TXN00350,CUST013,1984.64,NEFT,UAE,Mobile,Morning,9,720,Low
TXN00351,CUST014,424.62,SWIFT,Germany,Mobile,Afternoon,25,246,Low
TXN00352,CUST018,10192.1,NEFT,Nigeria,Mobile,Night,20,524,Medium
TXN00353,CUST011,7375.8,RTGS,Singapore,Web,Afternoon,13,180,Medium
TXN00354,CUST018,304.32,SWIFT,Germany,ATM,Night,13,775,Medium
TXN00355,CUST001,13201.28,SWIFT,USA,Mobile,Afternoon,10,1044,Medium
TXN00356,CUST005,11165.79,NEFT,USA,POS,Morning,14,115,Medium
TXN00357,CUST002,2947.83,Crypto,Germany,Mobile,Afternoon,13,1198,High
TXN00358,CUST017,17771.3,SWIFT,UAE,Web,Afternoon,22,1340,Low
TXN00359,CUST008,10755.37,IMPS,USA,POS,Night,14,1655,Medium
TXN00360,CUST007,4285.91,Crypto,Singapore,Mobile,Night,10,604,Medium
TXN00361,CUST016,37798.63,NEFT,USA,POS,Night,14,614,Low
TXN00362,CUST004,948.4,NEFT,USA,ATM,Night,12,1663,Medium
TXN00363,CUST004,5177.5,RTGS,Singapore,Web,Morning,13,1507,Low
TXN00364,CUST018,23164.37,IMPS,India,ATM,Afternoon,20,1418,Low
TXN00365,CUST005,17028.38,Crypto,Germany,Mobile,Night,10,1654,Medium
TXN00366,CUST007,3980.64,IMPS,Singapore,ATM,Morning,16,172,Low
TXN00367,CUST002,11889.77,RTGS,UAE,Mobile,Morning,14,334,Low
TXN00368,CUST008,7889.69,Crypto,UAE,ATM,Night,14,1320,High
TXN00369,CUST009,9249.5,RTGS,Nigeria,Mobile,Night,17,971,Medium
TXN00370,CUST008,6940.38,RTGS,USA,ATM,Afternoon,19,1186,Low
TXN00371,CUST013,5088.66,NEFT,UAE,POS,Afternoon,16,812,Low
TXN00372,CUST010,5014.78,SWIFT,USA,ATM,Night,16,393,High
TXN00373,CUST009,31127.99,RTGS,Nigeria,Web,Morning,21,744,High
TXN00374,CUST015,4781.56,RTGS,Singapore,ATM,Night,11,816,High
TXN00375,CUST014,1069.4,Crypto,India,Mobile,Afternoon,15,1617,High
TXN00376,CUST019,11089.54,RTGS,India,Web,Afternoon,22,1701,Medium
TXN00377,CUST002,3729.61,RTGS,India,ATM,Night,16,1998,Medium
TXN00378,CUST008,37603.86,IMPS,Nigeria,POS,Night,19,1316,Medium
TXN00379,CUST011,11429.34,NEFT,USA,Mobile,Morning,11,1636,Low
TXN00380,CUST001,3499.52,RTGS,Nigeria,POS,Morning,19,981,Low
TXN00381,CUST006,32948.63,IMPS,USA,POS,Morning,15,1438,Medium
TXN00382,CUST007,4676.22,Crypto,India,ATM,Morning,15,170,Low
TXN00383,CUST010,9203.28,NEFT,Nigeria,ATM,Night,12,39,Low
TXN00384,CUST002,1920.97,IMPS,UAE,Mobile,Afternoon,13,181,Low
TXN00385,CUST009,4360.6,IMPS,Germany,POS,Afternoon,12,79,Medium
TXN00386,CUST017,13166.12,SWIFT,UAE,POS,Night,10,610,Low
TXN00387,CUST017,1839.4,RTGS,Germany,POS,Morning,11,1485,High
TXN00388,CUST016,3743.62,SWIFT,Nigeria,Web,Morning,12,1576,Low
TXN00389,CUST018,2638.97,IMPS,USA,Mobile,Morning,14,1307,Medium
TXN00390,CUST010,1528.88,SWIFT,UAE,Mobile,Morning,12,1711,Low
TXN00391,CUST012,5180.5,Crypto,USA,POS,Night,14,1806,Medium
TXN00392,CUST020,159.48,SWIFT,UAE,POS,Night,13,1633,Medium
TXN00393,CUST009,12885.83,Crypto,Germany,Mobile,Afternoon,16,1035,Low
TXN00394,CUST005,3077.43,NEFT,Nigeria,ATM,Afternoon,17,102,Low
TXN00395,CUST012,3906.33,SWIFT,Singapore,Web,Night,11,737,Low
TXN00396,CUST018,5841.31,Crypto,USA,Web,Afternoon,19,457,Medium
TXN00397,CUST005,2661.97,SWIFT,Nigeria,ATM,Morning,15,1615,Medium
TXN00398,CUST010,11398.47,Crypto,USA,Web,Morning,12,371,Low
TXN00399,CUST020,11071.09,RTGS,Nigeria,ATM,Afternoon,16,1851,Medium
TXN00400,CUST013,4058.19,Crypto,India,Web,Morning,16,482,Low
TXN00401,CUST011,1927.39,IMPS,UAE,ATM,Afternoon,17,237,Medium
TXN00402,CUST012,5267.48,Crypto,Nigeria,Mobile,Morning,14,1065,Low
TXN00403,CUST006,4270.54,NEFT,Singapore,ATM,Afternoon,17,1709,Medium
TXN00404,CUST010,4821.19,RTGS,Germany,POS,Afternoon,18,315,Medium
TXN00405,CUST020,7359.67,SWIFT,Singapore,ATM,Night,16,1796,Low
TXN00406,CUST004,20001.59,Crypto,Singapore,Web,Afternoon,16,1553,Medium
TXN00407,CUST006,12335.55,NEFT,UAE,POS,Afternoon,12,370,Low
TXN00408,CUST019,4251.4,RTGS,Singapore,ATM,Afternoon,12,864,Low
TXN00409,CUST020,5058.07,IMPS,UAE,POS,Afternoon,14,340,Low
TXN00410,CUST014,1764.56,RTGS,Singapore,Web,Afternoon,19,1369,Medium
TXN00411,CUST011,19066.65,NEFT,Nigeria,Mobile,Morning,14,1723,Low
TXN00412,CUST016,12780.57,IMPS,USA,Web,Night,10,1579,High
TXN00413,CUST007,843.81,SWIFT,USA,Mobile,Night,14,159,Low
TXN00414,CUST006,2531.06,Crypto,Singapore,Web,Afternoon,24,295,Medium
TXN00415,CUST017,17286.75,Crypto,Singapore,Web,Night,22,1163,Low
TXN00416,CUST001,22853.51,SWIFT,Singapore,POS,Afternoon,19,512,Low
TXN00417,CUST020,5086.0,RTGS,India,Web,Night,10,1445,Medium
TXN00418,CUST015,6505.36,SWIFT,Singapore,Web,Morning,15,1226,Low
TXN00419,CUST003,7974.63,RTGS,Germany,POS,Morning,13,1711,Medium
TXN00420,CUST014,3253.88,IMPS,Germany,Mobile,Morning,20,72,Low
TXN00421,CUST008,9665.0,NEFT,Singapore,POS,Morning,17,1040,Low
TXN00422,CUST002,8311.25,IMPS,Germany,Web,Night,11,411,Medium
TXN00423,CUST016,52719.32,Crypto,Germany,Web,Night,10,219,High
TXN00424,CUST009,3084.12,NEFT,Singapore,Mobile,Night,11,638,Low
TXN00425,CUST017,7121.71,RTGS,Germany,Web,Afternoon,16,849,Medium
TXN00426,CUST003,10663.11,Crypto,India,Mobile,Morning,19,797,Low
TXN00427,CUST020,2164.44,SWIFT,Nigeria,Mobile,Morning,13,1579,Low
TXN00428,CUST007,1946.62,SWIFT,Singapore,Web,Morning,14,1236,Low
TXN00429,CUST004,5381.18,Crypto,USA,ATM,Afternoon,15,1644,Medium
TXN00430,CUST017,8726.29,SWIFT,Singapore,ATM,Night,17,930,Medium
TXN00431,CUST007,2423.29,SWIFT,Germany,POS,Afternoon,25,1024,Low
TXN00432,CUST002,3090.43,SWIFT,UAE,ATM,Afternoon,17,1821,Medium
TXN00433,CUST001,1032.32,SWIFT,Nigeria,Mobile,Morning,15,1617,Low
TXN00434,CUST007,2790.24,RTGS,Singapore,Mobile,Afternoon,17,1786,Low
TXN00435,CUST005,5016.62,NEFT,Nigeria,ATM,Afternoon,14,426,Low
TXN00436,CUST011,1428.84,IMPS,Nigeria,POS,Morning,9,454,Low
TXN00437,CUST003,11651.84,SWIFT,Nigeria,Web,Morning,14,1063,Low
TXN00438,CUST003,26638.26,IMPS,Singapore,Mobile,Morning,12,1337,Low
TXN00439,CUST008,10139.08,RTGS,Singapore,ATM,Morning,17,985,Low
TXN00440,CUST013,5989.64,RTGS,UAE,POS,Night,20,969,High
TXN00441,CUST007,7178.95,Crypto,Nigeria,Web,Morning,17,1558,Low
TXN00442,CUST015,13712.37,RTGS,Singapore,Mobile,Afternoon,17,1536,Low
TXN00443,CUST005,121.82,IMPS,Nigeria,Web,Night,24,1879,Low
TXN00444,CUST015,6197.98,SWIFT,USA,POS,Night,13,802,Low
TXN00445,CUST012,10797.0,RTGS,India,ATM,Night,18,1603,Low
TXN00446,CUST001,862.31,Crypto,Germany,ATM,Afternoon,15,1701,Medium
TXN00447,CUST002,14663.04,Crypto,UAE,Web,Afternoon,16,975,Low
TXN00448,CUST014,104.82,IMPS,Singapore,ATM,Night,12,1670,Low
TXN00449,CUST004,10325.56,NEFT,India,Mobile,Morning,15,399,Low
TXN00450,CUST014,3889.26,SWIFT,India,ATM,Afternoon,10,799,Medium
TXN00451,CUST002,9210.06,NEFT,Germany,Mobile,Night,16,1341,High
TXN00452,CUST019,9584.15,RTGS,USA,Mobile,Night,10,302,Low
TXN00453,CUST014,26322.52,NEFT,India,POS,Afternoon,11,1880,Medium
TXN00454,CUST009,7987.12,Crypto,Singapore,POS,Morning,14,443,Low
TXN00455,CUST014,26355.09,IMPS,India,Mobile,Night,17,142,Low
TXN00456,CUST014,10379.24,Crypto,Nigeria,POS,Morning,12,1684,Medium
TXN00457,CUST004,21141.88,IMPS,UAE,Web,Night,12,178,High
TXN00458,CUST011,14066.68,IMPS,UAE,Web,Afternoon,14,1413,Medium
TXN00459,CUST001,8160.23,IMPS,Nigeria,Mobile,Afternoon,11,285,Medium
TXN00460,CUST015,7875.17,SWIFT,India,Web,Morning,6,570,Medium
TXN00461,CUST019,11561.29,SWIFT,USA,Mobile,Morning,15,1097,Low
TXN00462,CUST015,13197.64,SWIFT,Nigeria,Web,Afternoon,15,725,Medium
TXN00463,CUST006,9465.97,NEFT,UAE,ATM,Afternoon,9,1083,Low
TXN00464,CUST002,20661.14,Crypto,India,Mobile,Afternoon,17,1164,High
TXN00465,CUST002,1753.64,Crypto,India,Web,Night,16,1929,High
TXN00466,CUST011,12963.14,SWIFT,USA,Web,Night,14,1544,High
TXN00467,CUST005,3724.11,RTGS,USA,POS,Night,16,141,Medium
TXN00468,CUST014,15315.13,Crypto,India,ATM,Night,16,631,Medium
TXN00469,CUST011,18323.56,NEFT,India,ATM,Morning,19,1686,Low
TXN00470,CUST020,31718.37,IMPS,USA,ATM,Afternoon,13,1808,Medium
TXN00471,CUST014,18449.73,Crypto,Germany,Web,Morning,15,727,Low
TXN00472,CUST010,4593.56,NEFT,USA,POS,Morning,14,565,Low
TXN00473,CUST012,2448.9,RTGS,USA,ATM,Morning,10,851,Low
TXN00474,CUST018,11894.72,RTGS,Germany,POS,Afternoon,13,1073,Low
TXN00475,CUST005,5147.12,IMPS,USA,POS,Night,20,1568,High
TXN00476,CUST011,670.52,Crypto,India,Web,Afternoon,16,929,Low
TXN00477,CUST018,542.49,SWIFT,Singapore,Mobile,Morning,15,1968,Medium
TXN00478,CUST014,3144.65,IMPS,Germany,POS,Night,19,1931,Low
TXN00479,CUST004,1613.43,RTGS,UAE,ATM,Night,17,1367,Low
TXN00480,CUST009,12299.09,RTGS,India,ATM,Afternoon,19,461,Low
TXN00481,CUST013,4675.47,RTGS,UAE,POS,Afternoon,10,510,High
TXN00482,CUST019,927.74,IMPS,Nigeria,POS,Morning,11,792,Low
TXN00483,CUST001,14549.52,NEFT,UAE,Web,Afternoon,18,190,Medium
TXN00484,CUST003,5468.81,IMPS,Nigeria,Mobile,Morning,17,428,Low
TXN00485,CUST004,5274.72,RTGS,Nigeria,POS,Night,19,166,Medium
TXN00486,CUST016,30020.07,IMPS,Germany,POS,Morning,11,167,Medium
TXN00487,CUST001,4072.34,NEFT,Singapore,Web,Morning,19,1902,High
TXN00488,CUST002,26538.02,IMPS,India,Mobile,Morning,19,576,Low
TXN00489,CUST005,5615.17,NEFT,Nigeria,Mobile,Night,11,1127,Low
TXN00490,CUST013,27702.44,SWIFT,Germany,ATM,Afternoon,17,667,Medium
TXN00491,CUST015,13017.3,Crypto,India,ATM,Afternoon,15,1366,Medium
TXN00492,CUST002,70.54,RTGS,Nigeria,ATM,Afternoon,7,1417,Low
TXN00493,CUST014,1454.35,RTGS,USA,ATM,Morning,18,577,Low
TXN00494,CUST018,134.93,NEFT,USA,Mobile,Afternoon,12,1395,Low
TXN00495,CUST009,3034.13,NEFT,Nigeria,ATM,Morning,12,661,Medium
TXN00496,CUST012,36822.87,Crypto,India,POS,Morning,13,1782,Medium
TXN00497,CUST001,14992.86,IMPS,USA,ATM,Morning,8,1749,High
TXN00498,CUST002,476.16,Crypto,Singapore,POS,Afternoon,16,1586,Low
TXN00499,CUST013,7601.86,SWIFT,Germany,Mobile,Night,14,668,Low
